q_idx,precision,recall,acc_cell,acc_row
q0,1.0,1.0,1.0,1.0
q1,0.9,0.33333333333333337,0.8,0.8
q2,1.0,0.45,0.65,0.6333333333333333
q3,0.7,0.55,0.15,0.1
q4,0.2,0.15,0.0985,0.0
