q_idx,precision,recall,acc_cell,acc_row
q0,1.0,1.0,1.0,1.0
q1,1.0,0.33333333333333337,1.0,1.0
q2,1.0,0.425,0.545,0.23333333333333334
q3,1.0,1.0,1.0,1.0
q4,0.4,0.31666666666666665,0.28550000000000003,0.0
