q_idx,precision,recall,acc_cell,acc_row
q0,1.0,1.0,1.0,1.0
q1,1.0,0.4,0.6,0.6
q2,0.9,0.325,0.3666666666666667,0.23111111111111113
q3,1.0,1.0,1.0,1.0
q4,0.6,0.23333333333333334,0.23466666666666666,0.14102564102564102
