q_idx,precision,recall,acc_cell,acc_row
q0,1.0,1.0,1.0,1.0
q1,1.0,0.6666666666666666,1.0,1.0
q2,1.0,0.675,0.82,0.8099999999999999
q3,1.0,1.0,1.0,1.0
q4,0.9,0.8166666666666667,0.7685,0.5583333333333333
